game_type,path,L_window,reasoning_mode,p_bin,rounds,coop_rate,avg_p,mean_points1,mean_points2
BoS,rw,5,baseline,0,1,1.0,0.4122661931213091,10.0,7.0
BoS,rw,5,baseline,5,1,1.0,0.4777302054636952,10.0,7.0
BoS,rw,5,baseline,6,1,1.0,0.4914950548769153,10.0,7.0
BoS,rw,5,baseline,7,6,0.8333333333333334,0.5004213475595245,8.333333333333334,5.833333333333333
BoS,rw,5,baseline,8,2,1.0,0.5084851833546259,8.5,8.5
BoS,rw,5,baseline,9,1,1.0,0.5275256520190384,10.0,7.0
