game_type,path,L_window,reasoning_mode,p_bin,rounds,coop_rate,avg_p,mean_points1,mean_points2
PD,up,5,baseline,0,5,0.4,0.1,3.2,9.2
PD,up,5,baseline,9,12,0.75,0.5036850921273032,6.416666666666667,8.083333333333334
PD,up,5,cot,0,5,0.8,0.1,6.4,8.4
PD,up,5,cot,9,12,0.0,0.5036850921273032,7.083333333333333,2.9166666666666665
PD,up,5,scot,0,5,0.4,0.1,3.2,9.2
PD,up,5,scot,9,12,1.0,0.5036850921273032,8.0,8.0
